pose,timestamp_ms,pv1,pv2,pv3,pv4,pv5,pv6,pv7,pv8,pv9,pv10,pv11
0,0,468,687,746,720,789,805,754,539,701,803,698
0,1002,468,687,745,723,797,808,754,533,709,801,693
0,2006,475,691,747,724,797,808,753,538,710,802,696
0,3009,480,694,748,724,798,808,753,541,710,803,698
0,4013,486,696,750,725,798,808,752,540,711,804,700
0,5016,487,697,750,725,800,808,752,544,712,804,701
0,6020,489,698,750,725,800,808,752,545,712,804,701
0,7023,490,698,751,726,800,808,752,546,712,804,701
0,8027,489,698,752,726,801,808,754,547,712,804,701
0,9030,489,698,753,726,801,808,754,548,711,803,701
0,10033,490,699,753,726,801,808,754,549,712,804,701
0,11036,492,700,752,725,800,808,754,550,709,804,702
0,12040,487,691,749,724,800,809,756,554,709,802,699
0,13043,486,692,748,724,801,809,756,554,710,803,698
0,14047,488,692,735,712,793,805,761,580,688,805,707
0,15050,482,695,745,719,789,802,763,531,679,801,702
0,16054,463,683,742,714,778,792,746,533,670,785,679
0,17057,471,683,742,712,777,790,743,547,667,782,677
0,18061,471,685,742,712,778,791,743,550,668,781,678
0,19064,475,685,743,713,779,791,744,550,668,781,679
0,20068,477,686,743,714,778,790,743,552,667,781,679
0,21071,479,687,745,715,780,789,743,554,666,781,680
0,22075,480,687,744,716,779,790,744,554,667,781,680
0,23078,482,688,744,716,780,789,744,554,667,781,680
0,24082,483,687,745,716,780,790,745,555,668,781,680
0,25085,485,687,746,716,780,789,745,555,665,781,681
0,26089,485,688,745,716,780,789,744,556,667,780,681
0,27092,486,688,746,717,780,789,745,557,668,781,681
0,28095,487,688,746,716,780,790,745,558,667,781,682
0,29099,487,689,747,716,780,788,745,559,667,782,682
0,30102,489,688,746,717,780,789,745,559,667,781,683
0,31106,489,689,747,717,781,789,745,560,668,780,683
0,32109,491,688,747,717,777,786,744,560,663,779,683
0,33113,490,687,746,717,778,787,745,559,663,779,683
0,34116,491,689,747,717,779,787,745,560,665,780,683
0,35120,493,689,748,717,779,787,745,561,662,780,684
0,36123,492,689,747,716,778,787,745,561,664,779,682
0,37127,492,689,748,717,779,788,745,562,664,778,682
0,38130,494,690,748,717,780,787,745,562,665,779,683
0,39134,495,689,749,717,780,787,745,564,664,779,683
0,40137,492,687,749,716,779,787,745,564,664,777,681
0,41141,493,687,749,716,780,786,745,563,664,778,681
0,42144,495,688,749,714,777,786,745,566,662,777,682
0,43148,497,686,749,714,776,784,744,566,659,774,681
0,44151,495,687,748,715,778,786,746,564,662,776,681
0,45154,496,687,749,715,778,786,746,566,662,777,681
0,46157,497,688,748,715,778,786,746,566,663,777,681
0,47161,497,688,748,714,777,786,745,566,663,776,680
0,48164,499,688,749,714,778,786,746,568,662,776,681
0,49168,497,688,748,714,779,786,746,567,663,776,681
0,50171,499,689,748,714,778,786,746,568,663,776,681
0,51175,500,689,749,714,778,786,746,568,663,777,683
0,52178,500,690,750,715,777,786,746,569,663,776,683
0,53182,500,690,750,714,778,786,746,570,663,776,682
0,54185,501,690,750,715,778,786,746,570,663,776,683
0,55189,501,690,749,715,778,786,746,570,662,777,682
0,56193,502,690,749,715,777,786,746,570,662,777,683
0,57196,502,690,749,715,778,786,746,570,663,777,683
0,58200,503,690,748,714,774,786,747,566,656,776,682
0,59203,437,719,734,693,742,782,776,597,630,807,714
0,60207,478,723,760,724,750,784,762,553,653,802,711
0,61210,472,707,748,725,755,783,754,554,659,793,689
0,62213,499,727,757,730,758,782,754,557,668,811,705
0,63216,493,726,758,734,776,795,760,563,684,813,708
0,64220,501,729,759,736,779,794,758,565,688,814,711
0,65223,503,730,758,736,780,792,756,565,687,815,712
0,66227,504,730,759,736,780,792,756,567,687,815,710
0,67230,506,732,761,736,781,793,755,567,688,816,710
0,68234,508,732,761,737,781,793,756,570,688,817,712
0,69237,509,733,761,736,782,793,756,569,688,816,711
0,70241,509,733,762,737,782,793,756,570,689,816,710
0,71244,511,734,762,737,782,792,757,571,688,817,712
0,72248,501,727,761,737,785,795,758,572,690,816,708
0,73251,502,728,761,738,787,795,759,574,690,816,707
0,74255,502,727,762,738,786,796,759,575,691,816,707
0,75258,503,727,762,737,787,796,759,576,690,815,706
0,76262,504,727,762,738,786,795,759,575,689,816,707
0,77265,505,728,763,739,787,795,759,576,690,816,707
0,78269,507,727,764,739,787,796,760,577,689,816,707
0,79271,506,728,763,739,787,796,760,575,689,816,707
0,80275,506,728,763,739,788,795,759,575,691,816,707
0,81278,509,730,765,739,787,793,759,575,689,815,708
0,82282,511,732,765,740,786,793,759,573,691,817,710
0,83286,513,733,764,739,787,795,759,574,692,817,713
0,84289,558,742,736,649,669,746,771,594,537,803,724
0,85293,538,678,601,479,486,663,742,602,376,704,696
0,86296,526,704,651,555,543,682,730,555,447,718,682
0,87300,540,707,642,506,514,669,731,565,411,719,693
2,88303,544,710,649,515,527,674,731,565,426,723,692
2,89307,593,745,671,525,493,651,724,575,408,769,709
2,90310,573,723,582,343,398,598,721,589,281,713,707
2,91314,567,722,614,391,432,618,723,590,327,718,701
2,92317,566,723,616,400,443,621,723,589,339,723,699
2,93321,567,724,619,403,447,622,722,591,345,724,699
2,94324,574,728,613,369,426,616,725,596,315,729,705
2,95328,605,749,515,139,249,570,753,625,159,776,746
2,96330,613,752,529,135,221,570,764,632,164,782,748
2,97334,612,757,539,212,327,610,788,648,252,799,756
2,98337,601,742,469,173,333,618,792,633,240,791,753
2,99341,600,743,494,207,348,615,792,630,246,788,751
2,100344,601,741,498,203,345,619,795,634,256,788,751
2,101348,604,751,542,230,356,630,796,634,270,795,752
2,102351,595,747,538,226,380,634,798,635,279,793,751
2,103355,599,744,530,229,360,633,790,648,274,788,749
2,104358,588,741,560,266,416,642,774,615,300,782,734
2,105362,585,746,586,311,427,642,773,608,323,784,734
2,106365,587,746,592,293,424,645,775,615,321,785,735
2,107369,588,745,591,314,432,648,778,618,328,786,737
2,108372,606,762,583,262,385,624,784,628,293,801,749
2,109376,604,758,578,243,389,629,787,635,281,796,749
2,110380,603,761,598,271,410,634,779,624,307,801,748
2,111383,604,762,604,290,420,637,780,626,321,801,748
2,112387,603,761,606,289,427,638,780,627,324,801,747
2,113390,604,763,613,295,430,640,779,625,331,802,748
2,114394,595,752,579,232,414,641,785,626,302,797,745
2,115397,598,759,607,289,427,641,781,624,324,799,745
2,116401,600,763,622,316,426,642,777,620,339,801,745
2,117404,600,764,618,325,437,645,774,608,337,800,744
2,118408,599,764,622,349,441,646,773,609,346,801,744
2,119411,599,764,625,338,440,646,775,612,343,800,744
2,120415,595,760,622,323,438,651,778,613,342,798,743
2,121418,597,764,629,350,435,645,776,616,360,799,744
2,122422,598,763,627,344,440,648,776,617,360,800,744
2,123425,600,767,624,357,426,642,772,616,356,801,745
2,124429,598,763,627,348,437,647,775,620,356,799,743
2,125432,604,765,619,289,388,634,784,622,308,802,747
2,126436,590,758,625,352,406,614,736,599,322,783,729
2,127439,586,759,629,404,449,624,736,595,355,786,726
2,128443,586,760,631,414,455,626,736,592,356,788,726
2,129446,585,759,635,413,463,630,738,596,362,788,725
2,130450,584,759,634,409,462,627,739,594,352,789,726
2,131453,585,760,635,415,467,628,740,596,364,790,727
2,132457,584,756,633,416,467,628,740,598,356,783,725
2,133460,583,757,636,419,473,629,742,597,357,785,725
2,134464,585,758,634,425,469,630,741,597,363,785,726
2,135468,586,757,636,428,475,634,741,599,372,784,725
2,136471,587,752,634,411,480,637,746,605,374,780,727
2,137475,586,751,636,412,485,638,746,608,388,776,726
2,138478,587,753,638,414,483,640,746,607,385,779,726
2,139482,585,754,638,417,485,639,747,604,377,779,726
2,140485,583,753,641,428,488,641,744,604,386,777,724
2,141489,582,752,644,428,495,647,746,606,388,778,724
2,142492,581,755,643,425,483,638,742,602,381,781,724
2,143496,581,753,644,426,481,641,742,602,386,780,723
2,144499,580,753,637,419,482,641,743,604,380,779,723
2,145503,581,754,642,431,489,644,743,604,386,782,723
2,146505,580,760,639,426,468,629,739,599,365,786,722
2,147509,574,756,633,403,452,625,735,589,350,766,714
2,148512,589,765,644,414,477,631,743,596,366,788,726
2,149516,590,765,651,418,474,629,744,592,379,792,728
2,150519,581,721,575,351,457,626,791,596,301,730,730
2,151523,615,780,573,130,176,504,666,648,127,649,728
2,152526,616,761,598,232,338,557,680,603,220,638,693
2,153530,618,764,589,187,313,558,686,612,215,646,698
2,154533,617,767,606,242,357,561,689,609,233,652,701
2,155537,615,767,614,248,367,566,690,609,243,652,701
2,156540,616,767,613,252,381,566,691,613,247,652,701
2,157544,617,768,606,242,383,567,692,614,237,655,702
2,158547,634,785,464,74,192,513,706,689,99,644,742
2,159551,651,651,390,56,176,548,706,649,89,612,732
2,160555,616,692,475,128,266,584,716,647,164,599,694
2,161558,619,701,484,131,264,586,717,647,155,604,698
2,162562,619,707,503,171,273,591,719,648,159,610,700
2,163565,621,709,505,168,278,593,719,648,167,612,701
2,164569,632,714,508,118,237,581,718,650,136,609,705
2,165572,633,717,501,94,233,574,715,651,146,612,708
2,166576,626,717,510,129,254,586,719,652,160,616,706
2,167579,624,716,508,125,264,589,720,653,167,616,707
2,168583,621,716,517,147,274,590,721,654,167,619,706
2,169586,621,718,521,152,289,594,721,654,189,620,706
2,170590,625,719,526,154,292,594,721,654,176,620,706
2,171593,636,721,498,82,241,582,718,654,147,620,709
2,172597,633,717,499,107,270,587,721,656,154,620,707
2,173600,631,721,516,139,276,590,722,656,166,621,706
2,174604,630,721,516,143,294,593,722,656,170,622,706
2,175607,630,723,523,149,294,594,723,656,169,623,706
2,176611,631,723,525,142,299,595,723,656,173,623,706
2,177614,631,724,532,154,299,595,722,656,178,625,706
2,178618,631,724,532,158,304,596,722,656,176,626,707
2,179621,630,725,534,160,310,596,723,656,179,626,706
2,180625,629,724,533,161,312,599,723,657,179,626,706
2,181628,627,725,537,164,317,598,723,657,192,627,705
2,182632,628,725,534,171,314,599,723,656,189,628,706
2,183635,628,726,530,166,311,599,723,656,190,629,707
2,184639,627,726,538,169,317,600,723,657,205,630,707
2,185643,629,727,540,165,314,600,723,657,187,630,706
2,186646,627,726,536,164,316,601,723,657,194,629,707
2,187650,626,726,535,154,315,601,723,657,191,630,706
2,188653,626,725,537,160,321,603,724,657,194,628,706
2,189656,625,725,536,158,320,604,724,657,203,630,707
2,190659,624,726,536,162,313,603,724,657,191,629,707
2,191663,625,725,530,124,310,600,723,658,172,630,707
2,192666,625,726,539,156,316,602,725,658,169,630,707
2,193670,624,725,535,150,320,603,724,657,172,630,707
2,194673,624,723,529,125,311,602,725,658,176,630,706
2,195677,625,726,529,161,298,603,723,656,187,634,707
2,196680,625,727,538,158,314,603,724,657,187,632,706
2,197684,624,725,537,165,322,602,725,657,188,630,706
2,198687,625,726,539,143,311,601,724,658,174,631,706
2,199691,634,705,411,50,198,579,726,658,111,607,705
2,200694,631,712,457,81,257,588,729,658,147,614,705
2,201698,634,720,477,93,258,587,727,656,148,617,708
2,202701,635,723,461,68,247,580,725,654,138,615,710
2,203705,635,726,486,87,257,588,718,650,135,621,710
2,204708,634,728,487,84,263,584,720,653,136,623,711
2,205712,630,725,494,106,280,592,722,653,146,625,709
2,206715,632,726,497,107,283,592,723,653,152,624,709
2,207719,632,726,497,109,281,589,723,653,146,623,710
2,208722,633,726,502,118,298,593,723,654,149,625,710
2,209726,633,726,500,104,298,594,723,654,151,627,709
2,210729,636,722,436,88,222,588,728,658,131,619,714
2,211733,649,735,482,97,208,568,720,654,138,625,717
2,212737,691,731,301,10,85,468,668,638,30,583,719
2,213740,464,789,758,677,670,726,778,618,623,826,747
2,214744,592,630,0,0,0,17,775,767,0,732,800
2,215746,460,623,34,0,0,39,790,677,0,720,800
2,216750,476,590,0,0,0,11,792,693,0,712,806
3,217752,479,597,41,0,0,32,796,697,0,720,809
3,218756,477,582,0,0,0,56,800,706,0,706,811
3,219759,482,580,1,0,0,62,802,706,0,717,813
3,220762,484,582,14,0,0,66,805,707,0,724,813
3,221765,489,592,5,0,0,24,802,707,0,721,812
3,222768,490,592,10,0,0,47,802,707,0,724,813
3,223771,491,595,11,0,0,55,802,708,0,724,814
3,224775,494,597,2,0,0,32,803,708,0,724,814
3,225777,495,598,4,0,0,35,803,708,0,723,813
3,226781,496,597,23,0,0,50,803,708,0,725,814
3,227783,498,599,6,0,0,52,804,709,0,725,814
3,228787,499,600,8,0,0,31,804,710,0,723,814
3,229789,499,599,12,0,0,48,803,711,0,724,814
3,230793,500,600,15,0,0,64,804,711,0,723,814
3,231796,501,602,6,0,0,50,804,711,0,723,814
3,232799,502,600,20,0,0,53,803,712,0,723,814
3,233802,503,601,17,0,0,56,803,711,0,723,815
3,234806,504,603,7,0,0,49,803,711,1,722,814
3,235808,504,603,21,0,0,53,803,711,0,723,814
3,236812,504,603,26,0,0,58,803,711,0,723,815
3,237814,505,605,5,0,0,38,803,712,0,723,814
3,238818,505,604,20,0,0,45,803,712,0,722,815
3,239821,505,605,24,0,0,64,803,712,0,723,815
3,240824,507,606,8,0,0,29,803,712,0,722,814
3,241827,507,606,6,0,0,54,803,713,0,723,814
3,242830,506,604,18,0,0,51,801,712,0,720,813
3,243833,504,600,6,0,0,34,801,713,0,706,811
3,244837,503,600,5,0,0,21,800,713,0,706,811
3,245839,505,602,5,0,0,14,800,713,0,707,811
3,246843,504,603,0,0,0,18,801,713,0,706,811
3,247845,504,603,6,0,0,15,801,714,0,707,811
3,248849,505,602,5,0,0,16,800,714,0,706,812
3,249851,507,605,26,0,0,13,800,711,1,707,812
3,250855,509,605,42,0,0,34,799,708,0,712,812
3,251858,508,602,25,0,0,57,799,708,0,708,812
3,252861,497,584,48,0,0,21,788,707,0,704,814
3,253864,484,577,27,0,0,0,783,703,0,711,809
3,254868,465,572,30,0,0,12,791,700,0,716,812
3,255870,471,579,10,0,0,11,791,702,0,713,811
3,256874,473,578,5,0,0,19,792,703,0,713,811
3,257876,474,579,13,0,0,22,792,702,0,714,812
3,258880,477,580,0,0,0,17,792,703,0,714,812
3,259884,477,582,0,0,0,21,792,703,0,714,812
3,260886,478,581,12,0,0,17,791,703,0,714,812
3,261890,480,582,2,0,0,13,792,704,0,714,812
3,262892,480,582,1,0,0,18,792,703,0,712,812
3,263896,481,582,0,0,0,19,792,704,0,713,811
3,264898,482,583,1,0,0,15,792,705,0,712,811
3,265902,486,584,0,0,0,15,792,705,0,712,811
3,266905,485,583,2,0,0,11,792,704,0,711,811
3,267908,486,585,1,0,0,17,792,705,0,711,811
3,268911,486,586,1,0,0,13,792,705,0,710,809
3,269914,487,585,9,0,0,11,792,704,0,711,812
3,270917,488,587,0,0,0,12,792,705,0,711,811
3,271921,488,587,0,0,0,14,792,705,0,711,811
3,272923,488,586,4,0,0,12,792,705,0,711,811
3,273927,489,586,10,0,0,15,792,705,0,711,811
3,274929,492,587,0,0,0,18,792,705,1,710,812
3,275933,494,588,3,0,0,11,792,706,0,710,811
3,276935,493,586,0,0,0,13,793,705,0,709,811
3,277939,494,587,0,0,0,12,792,705,0,710,811
3,278942,494,586,4,0,0,7,794,707,0,708,810
3,279945,494,585,7,0,0,13,793,707,0,710,811
3,280948,494,587,3,0,0,21,793,707,0,710,811
3,281951,495,588,0,0,0,16,795,707,0,710,812
3,282954,473,569,6,0,0,4,784,702,0,683,803
3,283957,463,545,0,0,0,6,776,702,0,661,794
3,284960,468,545,0,0,0,2,776,702,0,665,796
3,285963,469,550,0,0,0,6,783,703,0,669,799
3,286966,476,560,2,0,0,15,789,706,0,683,805
3,287970,477,565,2,0,0,4,790,706,0,686,804
3,288972,460,551,4,0,0,25,794,708,0,683,803
3,289976,460,557,17,0,0,24,790,705,0,687,799
3,290978,458,561,24,0,0,41,789,705,0,682,798
3,291982,473,562,10,2,0,22,788,707,0,681,798
3,292985,476,566,0,0,0,27,789,711,0,683,798
3,293988,477,568,2,0,0,31,790,710,0,684,798
3,294991,480,570,0,0,0,37,790,711,0,686,799
3,295994,479,570,6,0,0,32,790,710,0,687,799
3,296997,478,571,11,0,0,48,790,709,0,687,800
3,298000,479,572,4,0,0,48,791,710,0,687,800
3,299003,485,568,0,0,0,2,786,712,0,673,799
3,300007,489,571,0,0,0,0,784,711,0,674,799
3,301009,465,558,0,0,0,14,787,707,0,674,798
3,302013,475,563,0,0,0,13,786,708,0,674,798
3,303015,476,567,0,0,0,6,786,708,0,676,799
3,304019,478,565,0,0,0,11,786,708,0,676,798
3,305021,479,565,0,0,0,15,786,709,0,675,798
3,306025,480,566,0,0,0,5,784,709,0,672,798
3,307028,481,565,0,0,0,10,784,710,0,673,798
3,308031,482,566,0,0,0,19,785,709,0,672,799
3,309035,482,568,0,0,0,1,784,711,0,672,798
3,310037,461,446,0,0,0,18,788,708,0,639,793
3,311041,454,473,0,0,0,11,798,705,0,680,804
3,312043,451,481,0,0,0,28,798,708,0,678,803
3,313047,454,485,0,0,0,37,798,709,0,678,803
3,314050,460,485,0,0,0,48,798,709,0,678,802
3,315053,465,489,0,0,0,50,799,710,0,678,803
3,316056,466,491,0,0,0,12,798,710,0,680,803
3,317059,468,494,0,0,0,22,798,710,0,683,803
3,318062,470,495,0,0,0,33,798,710,0,683,804
3,319065,471,496,0,0,0,22,798,710,0,684,804
3,320068,473,497,0,0,0,6,798,710,0,683,804
3,321072,474,496,0,0,0,28,797,710,0,684,804
3,322074,476,498,0,0,0,28,798,709,0,684,804
3,323078,477,500,0,0,0,6,798,710,0,684,804
3,324080,477,498,0,0,0,17,797,710,0,684,804
3,325084,478,501,0,0,0,31,797,711,0,685,804
3,326086,479,502,0,0,0,6,798,711,0,685,804
3,327090,478,502,0,0,0,19,797,710,0,685,804
3,328093,480,503,0,0,0,17,797,710,0,685,805
3,329096,480,503,0,0,0,12,797,711,0,685,805
3,330099,481,505,0,0,0,6,798,711,0,684,804
3,331102,452,483,0,0,0,60,800,712,0,683,805
3,332105,474,495,3,0,0,6,800,714,0,692,806
3,333108,483,516,6,0,0,12,802,711,0,706,810
3,334111,476,512,0,0,0,29,802,713,0,706,810
3,335115,479,516,0,0,0,10,802,711,0,705,810
3,336117,481,516,0,0,0,8,803,712,0,703,809
3,337121,485,518,0,0,0,16,802,713,0,705,809
3,338123,483,515,0,0,0,28,801,712,0,701,809
3,339127,488,514,0,0,0,6,802,714,0,699,810
3,340129,487,517,0,0,0,24,803,715,0,699,810
3,341133,487,516,0,0,0,5,803,715,0,705,810
3,342135,490,519,0,0,0,3,804,715,0,701,810
3,343139,489,518,0,0,0,5,802,715,0,700,809
3,344142,491,517,0,0,0,22,803,715,0,699,809
3,345145,492,518,0,0,0,9,804,716,0,699,810
3,346148,493,520,0,0,0,4,804,715,0,700,810
3,347151,494,519,0,0,0,17,804,716,0,700,810
3,348154,495,518,0,0,0,4,802,719,0,692,810
3,349157,498,519,0,0,0,0,802,719,0,691,809
3,350160,498,520,0,0,0,3,802,720,0,692,809
3,351163,498,520,0,0,0,13,802,719,0,692,809
3,352166,499,522,0,0,0,3,802,720,0,692,809
3,353169,499,521,0,0,0,5,803,720,0,692,809
3,354172,500,523,0,0,0,17,802,721,0,694,809
3,355176,500,523,0,0,0,4,803,721,0,692,809
3,356178,501,523,0,0,0,13,802,720,0,692,808
3,357182,501,523,0,0,0,9,802,721,0,692,809
3,358184,501,524,0,0,0,3,802,721,0,692,809
3,359188,502,523,0,0,0,16,802,721,0,693,810
3,360190,503,524,0,0,0,13,802,721,0,692,809
3,361194,502,524,0,0,0,4,802,721,0,693,808
3,362196,503,525,0,0,0,24,802,722,0,694,809
3,363200,503,525,0,0,0,11,802,721,0,695,809
3,364204,502,527,0,0,0,6,802,722,0,694,809
3,365206,503,526,0,0,0,19,802,721,0,695,809
3,366210,503,526,0,0,0,14,802,722,0,694,808
3,367212,504,528,0,0,0,7,802,722,0,694,809
3,368216,503,526,0,0,0,23,801,722,0,695,809
3,369218,504,527,0,0,0,14,802,722,0,696,809
3,370222,505,529,0,0,0,7,802,723,0,693,809
3,371225,504,528,0,0,0,19,802,722,0,695,809
3,372228,504,528,0,0,0,14,802,722,0,696,809
3,373231,503,529,0,0,1,5,801,723,0,692,808
3,374234,502,528,0,0,0,14,801,722,0,691,808
3,375237,504,529,0,0,0,11,801,722,0,692,808
3,376240,504,530,0,0,0,4,801,723,0,691,809
3,377243,503,528,0,0,0,20,801,722,0,693,809
3,378247,503,527,0,0,0,22,801,723,0,694,809
3,379249,505,529,0,0,0,6,801,723,0,692,809
3,380253,505,528,0,0,0,22,801,723,0,694,809
3,381255,504,528,0,0,0,20,801,723,0,694,808
3,382259,505,529,0,0,0,6,801,722,0,692,808
3,383261,505,529,0,0,0,20,801,723,0,693,809
3,384265,505,527,0,0,0,21,801,723,0,695,809
3,385267,504,528,0,0,0,10,801,722,0,693,808
3,386271,506,529,0,0,0,19,801,723,0,695,809
3,387274,505,527,0,0,0,17,801,723,0,695,809
3,388277,506,531,0,0,0,12,801,723,0,694,809
3,389280,506,529,0,0,0,19,800,723,0,693,809
3,390283,506,529,0,0,0,21,801,723,0,693,809
3,391286,506,531,0,0,0,7,801,723,0,694,809
3,392290,506,531,0,0,0,18,801,723,0,694,809
3,393292,507,531,0,0,0,19,801,723,0,694,809
3,394296,507,531,0,0,0,20,801,723,0,693,809
3,395298,506,528,0,0,0,4,798,721,0,687,807
3,396302,504,530,0,0,0,13,799,721,0,690,806
3,397304,496,522,0,0,0,24,799,721,0,690,807
3,398308,501,526,0,0,0,12,799,721,0,688,807
3,399311,501,526,0,0,0,9,799,721,0,689,808
3,400314,501,526,0,0,0,21,798,721,0,688,807
3,401317,503,528,0,0,0,20,799,722,0,689,807
3,402320,503,529,0,0,0,15,799,722,0,689,807
3,403323,504,529,0,0,0,12,799,722,0,690,807
3,404326,504,528,0,0,0,22,799,722,0,689,807
3,405329,503,528,0,0,0,21,799,722,0,689,807
3,406333,504,529,0,0,0,12,799,722,0,689,807
3,407335,505,529,0,0,0,26,799,722,0,688,807
3,408339,506,529,0,0,0,24,799,722,0,691,807
3,409341,505,530,0,0,0,20,799,722,0,690,807
3,410345,505,531,0,0,0,17,799,722,0,690,807
3,411347,505,530,0,0,0,27,799,722,0,690,807
3,412351,504,526,0,0,0,18,799,723,0,691,807
3,413355,487,530,0,0,0,31,805,714,0,710,810
3,414357,439,515,0,0,0,23,814,752,0,692,801
3,415361,610,669,180,0,0,0,760,710,0,754,820
3,416363,507,555,0,0,0,45,803,724,0,700,803
3,417367,496,517,0,0,0,54,806,709,0,688,802
3,418369,523,529,0,0,0,68,802,705,0,685,800
3,419373,504,529,0,0,0,51,804,716,0,691,803
3,420376,505,534,0,0,0,78,805,718,0,693,804
3,421379,509,537,0,0,0,70,805,717,0,696,804
3,422382,510,539,0,0,0,51,806,718,0,696,804
3,423385,513,539,0,0,0,63,806,719,0,697,804
3,424388,516,540,0,0,0,75,806,718,0,697,804
3,425392,516,542,0,0,0,56,805,719,0,696,804
3,426394,514,542,0,0,0,64,806,719,0,697,804
3,427398,515,542,0,0,0,74,806,719,0,698,804
3,428400,516,544,0,0,0,59,806,720,0,698,805
3,429404,516,544,0,0,0,62,806,720,0,699,805
3,430406,516,542,0,0,0,68,806,719,0,700,805
3,431410,509,537,0,0,0,64,807,721,0,694,803
3,432413,514,542,0,0,0,19,802,718,0,693,803
3,433416,510,534,1,0,0,47,803,721,0,688,802
3,434419,503,534,0,0,0,69,806,715,0,696,804
3,435422,507,537,0,0,0,61,806,713,0,695,804
3,436425,511,539,0,0,0,2,794,719,0,677,799
3,437428,511,529,0,0,0,37,796,722,0,671,798
3,438431,511,530,0,0,0,46,795,722,0,670,798
3,439435,512,531,0,0,0,49,795,722,0,668,797
3,440437,513,533,0,0,0,41,794,722,0,667,796
3,441441,514,536,0,0,0,21,800,717,0,683,802
3,442443,514,534,0,0,0,31,798,711,0,685,801
3,443447,513,536,0,0,0,29,800,715,0,689,803
3,444449,165,97,0,0,0,0,176,159,0,20,255
3,445453,545,725,393,456,509,691,702,43,402,851,748
3,446456,284,74,0,0,0,18,0,0,0,9,126
3,447459,556,776,636,508,530,638,496,424,363,759,705
4,448462,571,756,635,531,623,700,644,508,441,780,744
4,449466,585,695,608,561,630,709,652,466,470,756,743
4,450469,583,696,639,548,574,687,566,438,427,745,684
4,451473,612,696,640,587,587,690,615,434,454,746,735
4,452476,583,685,594,519,585,704,590,380,418,722,676
4,453480,599,690,603,530,584,710,580,410,427,724,679
4,454483,601,695,614,535,589,710,564,421,438,727,681
4,455487,602,695,614,533,590,710,579,427,435,728,682
4,456491,602,697,612,531,591,710,584,429,437,728,682
4,457494,602,699,617,533,590,711,584,434,442,730,685
4,458498,603,700,619,532,592,712,582,434,441,731,685
4,459501,603,700,619,534,594,713,588,435,441,730,685
4,460505,603,700,622,536,595,714,584,435,441,731,686
4,461508,603,700,622,535,593,713,582,435,438,730,685
4,462512,603,700,620,534,593,713,585,436,439,729,685
4,463515,603,701,626,538,597,713,584,439,440,732,686
4,464519,604,701,625,536,594,711,581,441,437,730,685
4,465522,600,701,626,538,595,713,588,439,440,732,687
4,466526,599,700,626,538,599,716,591,437,442,733,687
4,467529,598,699,628,540,599,718,589,439,445,731,688
4,468533,598,700,628,540,601,720,594,446,446,732,689
4,469536,599,701,630,538,597,716,591,441,444,732,688
4,470540,600,701,633,542,601,718,594,448,449,733,689
4,471543,598,699,629,540,601,718,597,446,448,733,688
4,472547,599,701,630,544,605,719,601,448,450,733,688
4,473550,599,701,629,542,609,718,603,447,455,734,689
4,474554,600,701,632,546,606,719,601,450,459,736,689
4,475557,600,701,629,541,606,718,602,452,458,735,689
4,476560,598,698,621,537,601,715,584,446,452,731,685
4,477563,598,700,626,543,601,715,576,451,453,732,685
4,478567,599,699,621,534,601,715,578,451,446,731,685
4,479570,600,699,623,534,602,716,581,454,449,731,685
4,480574,600,700,623,538,601,716,578,453,450,731,684
4,481577,602,700,627,536,600,714,582,455,450,732,686
4,482581,602,701,626,529,602,715,585,443,447,734,689
4,483585,601,699,622,529,604,716,583,433,445,731,687
4,484588,601,699,625,537,602,714,573,434,446,731,685
4,485592,601,700,625,537,601,715,577,442,444,731,685
4,486595,600,701,625,536,601,715,580,445,446,731,685
4,487599,601,701,626,537,601,715,584,449,447,732,686
4,488602,602,701,629,544,603,716,583,449,453,733,686
4,489606,601,701,627,541,602,715,581,452,447,732,686
4,490609,603,701,627,538,602,715,584,453,446,733,686
4,491613,602,702,627,537,601,715,586,453,451,731,686
4,492616,603,702,629,541,602,717,584,456,451,733,686
4,493620,603,701,628,537,601,716,584,457,447,733,686
4,494623,603,702,626,536,602,716,587,458,448,733,687
4,495627,603,702,627,538,602,716,588,457,449,732,687
4,496630,603,702,630,545,599,716,584,459,453,733,688
4,497634,603,701,627,539,599,715,581,460,449,732,687
4,498637,601,701,622,535,598,714,574,453,445,730,683
4,499641,602,701,625,539,596,713,573,451,446,731,683
4,500644,561,699,630,544,584,703,569,438,442,735,682
4,501648,547,702,641,551,592,703,595,391,449,740,682
4,502651,556,715,643,548,591,703,593,413,446,741,685
4,503655,560,714,646,552,592,705,596,420,451,742,685
4,504658,562,716,646,552,590,702,594,421,448,741,684
4,505662,563,717,646,550,592,704,599,427,450,742,685
4,506665,565,716,645,551,591,704,599,429,451,743,685
4,507669,565,717,648,554,591,705,595,430,452,743,686
4,508673,566,716,650,555,591,704,594,431,451,743,686
4,509676,569,718,646,547,584,700,592,431,448,741,684
4,510680,576,718,641,545,581,698,580,424,440,735,681
4,511683,578,717,646,555,585,701,593,430,444,738,683
4,512687,577,716,642,548,586,701,595,431,444,738,682
4,513690,576,716,642,550,588,702,597,433,446,737,683
4,514694,577,717,644,552,588,702,597,434,444,738,684
4,515697,580,717,647,553,589,702,599,436,444,738,684
4,516701,579,718,644,550,586,701,596,436,447,738,683
4,517704,579,716,644,552,588,701,598,437,447,739,683
4,518708,581,718,649,557,587,702,599,439,452,740,683
4,519711,580,717,646,555,586,701,596,438,446,738,683
4,520715,580,718,646,552,586,700,598,439,445,738,682
4,521718,580,717,646,554,587,700,598,439,451,739,682
4,522722,582,718,650,559,588,702,600,441,451,739,683
4,523725,582,718,650,558,588,700,601,442,452,739,683
4,524729,582,718,648,555,588,700,600,442,452,739,682
4,525732,582,718,648,555,590,701,602,443,450,739,683
4,526736,584,718,651,559,591,701,603,444,454,740,683
4,527739,583,718,651,557,590,701,600,443,451,739,683
4,528743,583,718,649,556,589,700,602,444,450,739,684
4,529746,584,718,651,558,589,701,603,443,455,740,684
4,530750,585,718,653,559,592,701,601,446,460,740,685
4,531753,584,718,650,556,590,700,601,443,457,739,684
4,532757,583,717,650,557,592,700,601,442,459,739,685
4,533761,584,718,651,560,593,699,602,444,462,739,684
4,534763,584,717,650,559,590,699,600,448,460,738,684
4,535767,585,718,649,558,591,700,602,449,458,739,684
4,536770,586,718,651,560,591,700,601,448,460,739,685
4,537774,585,718,653,561,591,699,601,453,461,739,685
4,538777,585,718,651,557,592,699,602,450,456,739,685
4,539781,585,718,652,560,592,699,603,453,459,739,685
4,540784,586,718,654,563,592,700,601,455,463,741,686
4,541788,586,718,651,559,590,699,603,452,459,740,685
4,542791,586,718,652,560,591,700,606,454,459,740,685
4,543795,587,718,654,563,591,700,606,456,463,741,686
4,544798,586,718,653,560,589,699,606,454,459,740,685
4,545802,585,718,652,559,590,700,607,453,459,740,685
4,546805,586,719,655,563,591,700,604,453,462,741,686
4,547809,586,717,653,562,589,698,603,452,458,740,685
4,548812,585,718,653,562,590,698,604,452,456,740,685
4,549816,586,718,654,563,590,699,606,452,459,740,685
4,550819,587,718,655,564,589,699,604,455,467,741,685
4,551823,585,717,653,560,588,699,604,453,462,740,684
4,552826,585,718,654,561,588,699,605,453,460,740,685
4,553830,586,718,656,565,589,699,607,455,465,741,685
4,554833,585,718,654,562,588,698,606,458,458,740,685
4,555837,585,718,653,562,588,698,607,457,457,740,685
4,556840,586,718,656,565,589,699,609,458,461,741,685
4,557844,586,717,655,563,589,699,609,459,461,740,685
4,558848,586,718,654,561,589,698,608,457,460,740,685
4,559851,586,717,654,561,590,698,611,458,460,739,684
4,560855,587,718,655,564,590,699,611,455,463,740,685
4,561858,586,717,654,561,590,698,610,455,460,740,684
4,562862,586,718,654,561,590,698,611,455,463,740,684
4,563865,587,718,656,565,590,699,612,455,466,741,685
4,564869,586,717,654,561,589,698,610,456,467,740,684
4,565872,587,717,654,562,588,699,611,456,466,741,685
4,566876,587,718,656,564,589,699,612,456,469,741,684
4,567879,587,718,656,565,589,700,612,459,471,741,685
4,568883,586,717,655,560,587,698,610,457,468,741,685
4,569886,586,718,655,562,587,699,612,458,468,741,685
4,570890,587,718,656,564,590,700,610,458,471,741,686
4,571893,586,718,656,563,587,698,607,458,469,741,685
4,572897,586,718,654,560,588,698,608,456,467,740,684
4,573900,585,717,655,561,588,697,609,456,465,740,684
4,574904,588,718,656,565,590,698,610,458,468,741,685
4,575907,586,718,656,564,589,697,608,458,467,740,684
4,576911,587,718,655,563,588,697,611,458,465,741,685
4,577914,586,718,657,565,590,698,613,458,467,742,685
4,578918,586,718,656,566,589,697,609,459,468,741,685
4,579921,586,717,655,564,588,696,610,458,464,741,684
4,580925,586,717,656,566,588,697,611,457,464,741,684
4,581928,587,718,658,569,590,698,610,459,467,742,685
4,582932,586,718,656,564,588,697,609,458,465,741,684
4,583936,586,717,655,565,588,698,610,458,463,742,684
4,584939,587,718,658,568,590,699,612,458,469,742,684
4,585943,587,718,657,566,590,698,611,457,469,741,684
4,586946,586,717,655,564,588,698,609,455,464,741,684
4,587950,586,717,656,566,590,698,612,457,464,742,684
4,588953,587,718,660,569,591,698,612,458,467,742,685
4,589957,586,718,655,565,589,698,611,458,462,741,683
4,590960,586,718,656,565,589,698,611,456,460,741,684
4,591964,588,718,658,569,592,697,611,458,463,742,684
4,592967,586,717,656,566,591,697,611,457,460,741,682
4,593971,587,717,655,566,590,698,612,457,460,741,683
4,594974,588,718,657,570,592,698,613,458,467,742,684
4,595978,587,717,655,566,591,697,610,457,462,740,682
4,596981,587,717,654,566,590,697,611,456,462,740,682
4,597985,588,718,654,567,592,698,612,455,464,740,682
4,598988,588,718,656,569,592,698,611,458,467,740,683
4,599992,587,717,654,566,590,697,609,453,465,740,683
4,600995,586,715,651,567,590,698,603,443,465,739,682
4,601998,596,711,643,562,550,676,547,423,441,729,667
4,603001,641,726,551,483,574,702,608,478,425,765,734
4,604005,581,692,604,524,544,681,568,433,421,717,664
4,605008,583,693,615,538,548,685,573,439,435,719,664
4,606012,566,685,615,543,546,681,567,418,435,712,649
4,607015,573,716,653,560,564,684,625,438,451,734,675
4,608019,609,692,618,491,445,603,516,367,375,695,649
4,609022,609,690,661,554,471,607,534,325,412,727,658
4,610026,641,733,679,565,455,616,533,360,422,737,665
4,611030,406,616,725,683,677,756,769,495,646,851,737
4,612033,431,575,480,486,559,734,786,640,437,636,473
4,613037,294,394,314,411,499,679,798,603,319,511,198
4,614040,434,573,541,568,606,717,804,604,498,651,377
5,615044,402,582,566,558,563,688,719,576,412,653,371
5,616047,404,583,575,564,563,690,724,579,422,655,347
5,617051,416,593,582,567,570,691,723,579,426,662,362
5,618054,421,592,588,567,568,691,724,582,434,659,357
5,619058,425,594,589,568,570,691,724,581,437,660,358
5,620061,428,596,591,569,569,691,724,581,439,661,364
5,621065,430,597,592,570,571,691,725,582,440,662,363
5,622068,432,597,593,570,571,692,726,584,439,664,357
5,623072,433,597,593,569,571,692,725,583,439,664,363
5,624075,436,597,593,569,570,692,726,583,437,663,367
5,625079,437,597,595,570,570,693,726,582,440,661,368
5,626082,438,598,597,570,570,693,726,582,439,662,373
5,627086,440,598,597,571,570,692,726,581,440,663,380
5,628089,442,598,599,571,571,693,726,583,440,664,371
5,629093,442,598,597,571,573,692,726,581,440,663,376
5,630096,441,597,599,571,571,693,726,581,438,662,374
5,631100,444,598,600,572,573,693,726,582,443,662,374
5,632103,447,597,600,572,573,692,726,582,441,661,369
5,633107,446,597,601,572,575,693,726,581,439,663,371
5,634110,446,598,602,573,577,694,727,582,442,664,376
5,635114,447,598,603,574,577,695,726,582,446,663,363
5,636118,449,598,602,573,576,694,726,582,443,663,367
5,637121,449,599,603,573,578,694,726,581,445,665,369
5,638125,448,599,605,574,579,695,726,582,452,665,375
5,639128,448,599,605,574,579,694,727,581,449,664,370
5,640132,450,598,604,574,578,693,726,581,448,664,374
5,641135,448,599,603,574,578,693,726,580,449,665,379
5,642139,448,600,605,574,580,693,727,582,453,665,374
5,643142,451,598,603,573,577,693,726,581,450,665,367
5,644146,452,599,604,574,579,693,726,581,452,666,377
5,645149,449,599,605,574,580,693,727,581,455,666,383
5,646153,451,600,606,574,579,693,726,580,454,665,371
5,647156,451,598,603,573,579,692,726,579,452,666,378
5,648160,451,599,604,573,579,693,726,579,452,665,381
5,649163,451,600,605,574,580,693,726,580,456,665,382
5,650167,450,600,605,575,579,693,726,579,453,665,378
5,651170,450,598,605,574,579,693,726,580,452,664,381
5,652174,450,599,606,575,580,693,726,580,453,664,382
5,653177,446,597,603,570,578,694,725,577,450,663,358
5,654181,447,596,599,571,575,693,724,576,444,664,368
5,655184,447,599,602,573,577,693,725,576,449,666,375
5,656188,451,599,603,573,577,693,725,578,450,666,370
5,657191,440,588,595,568,574,692,725,579,438,659,353
5,658195,413,568,604,588,612,721,751,589,481,684,372
5,659198,422,591,612,584,606,718,745,572,473,681,346
5,660202,419,563,601,574,589,711,729,567,447,670,329
5,661206,427,569,602,574,580,705,724,568,429,664,315
5,662209,432,577,604,574,577,702,722,568,431,665,332
5,663213,435,580,606,574,579,702,723,569,436,663,342
5,664216,437,584,607,577,578,701,723,568,437,665,350
5,665220,433,586,607,576,579,700,723,569,438,665,349
5,666223,436,589,608,577,583,700,724,570,443,664,363
5,667226,435,592,609,577,585,700,725,570,444,665,369
5,668229,438,593,608,577,586,701,725,570,446,668,367
5,669233,434,593,611,581,586,703,725,570,445,670,364
5,670236,433,590,606,578,581,699,724,569,437,667,351
5,671240,436,592,609,580,586,702,725,570,447,669,369
5,672243,436,592,609,582,586,702,725,571,446,671,366
5,673247,437,593,610,581,585,702,725,571,445,670,360
5,674250,436,593,609,581,583,700,724,571,446,670,362
5,675254,438,593,610,581,583,700,724,571,446,671,363
5,676257,438,593,609,581,585,699,723,570,446,672,368
5,677261,440,592,611,582,586,700,724,571,445,670,373
5,678264,441,593,610,581,586,701,725,572,449,670,367
5,679268,442,594,611,580,585,699,725,571,448,670,374
5,680271,443,594,610,581,586,700,725,571,449,671,376
5,681275,443,593,612,582,587,701,725,571,450,671,379
5,682278,443,594,613,582,586,702,725,573,450,670,364
5,683282,441,594,611,582,585,700,725,572,452,669,375
5,684285,444,593,612,582,587,702,726,572,454,670,377
5,685289,443,595,612,583,586,702,725,572,452,669,369
5,686292,446,594,614,582,582,700,722,573,450,669,357
5,687296,447,594,614,581,583,700,723,572,450,670,368
5,688300,447,593,614,581,583,700,723,572,451,669,366
5,689303,447,593,614,580,583,700,723,572,451,669,368
5,690307,449,594,615,581,584,702,724,574,451,669,363
5,691310,450,594,614,581,583,701,723,573,452,668,360
5,692314,450,594,614,581,583,700,724,572,452,668,361
5,693317,450,594,613,581,584,701,723,573,453,669,367
5,694321,449,594,615,581,584,701,723,573,450,669,363
5,695324,451,595,615,581,583,700,723,574,449,669,357
5,696328,452,594,615,581,583,701,724,575,451,670,362
5,697331,453,595,615,581,583,701,723,574,451,670,364
5,698335,453,595,617,583,584,702,724,576,448,671,366
5,699338,454,596,617,584,584,701,724,575,450,670,358
5,700342,450,594,617,583,584,700,723,575,450,671,368
5,701345,450,595,616,582,584,701,724,575,451,671,375
5,702349,450,598,617,583,585,702,724,577,448,671,376
5,703352,452,596,616,583,584,701,723,577,446,669,371
5,704356,452,596,616,584,585,700,723,577,448,670,375
5,705359,454,596,616,584,584,700,724,576,451,671,376
5,706363,455,597,617,584,586,702,724,576,452,672,378
5,707366,455,597,617,584,584,701,724,577,449,671,367
5,708370,457,596,617,585,585,701,724,577,449,670,372
5,709373,455,596,617,584,586,701,724,576,450,670,375
5,710377,454,595,618,585,586,702,724,578,450,672,374
5,711380,456,596,617,584,586,702,725,576,451,671,374
5,712384,457,593,612,582,584,700,723,576,446,670,357
5,713388,458,594,614,583,585,700,723,575,450,671,370
5,714391,459,594,615,583,585,700,723,576,452,671,374
5,715395,460,594,616,583,585,701,724,577,450,670,372
5,716398,461,594,616,582,584,700,724,575,449,670,372
5,717402,459,594,616,582,583,700,723,575,448,670,376
5,718405,461,595,617,583,584,701,724,576,450,671,375
5,719409,471,613,617,575,580,710,738,597,456,672,414
5,720412,481,578,594,554,559,693,727,562,414,661,324
5,721416,474,573,601,562,558,688,717,561,411,658,330
5,722419,479,577,603,562,565,691,717,563,420,659,336
5,723423,485,580,606,567,566,688,715,563,422,660,341
5,724426,487,582,606,567,565,688,715,565,424,662,345
5,725430,487,583,608,568,566,691,716,567,424,662,349
5,726433,489,584,609,570,566,692,716,567,425,662,350
5,727437,491,585,608,570,567,692,716,566,425,662,348
5,728440,491,587,609,570,568,691,717,568,426,662,350
5,729444,492,587,610,570,569,692,717,568,429,663,351
5,730447,491,589,611,571,569,692,717,569,428,664,352
5,731450,492,588,609,570,570,691,716,568,425,663,355
5,732453,494,589,609,571,570,692,717,569,428,664,357
5,733457,494,590,609,571,571,694,717,569,434,666,356
5,734460,495,590,609,570,571,692,717,568,435,664,352
5,735464,494,590,609,570,572,692,717,569,435,665,356
5,736467,493,590,610,571,572,693,717,568,436,665,354
5,737471,494,590,612,571,573,693,717,569,438,665,355
5,738475,494,590,611,571,568,692,717,568,435,664,352
5,739478,495,590,611,571,570,693,717,569,437,664,355
5,740482,495,591,613,572,574,693,717,569,440,665,356
5,741485,496,591,613,572,572,694,717,570,439,664,350
5,742489,495,590,612,573,572,693,717,570,438,665,354
5,743492,495,591,612,572,572,692,717,570,439,665,355
5,744496,496,591,613,572,574,694,718,571,438,665,357
5,745499,496,591,613,572,571,693,717,571,439,664,351
5,746503,496,591,613,572,572,692,717,570,436,665,354
5,747506,497,591,613,573,573,692,717,570,437,666,354
5,748510,497,592,613,573,573,692,717,570,437,666,354
5,749513,497,592,614,573,576,693,718,572,438,666,356
5,750517,497,592,613,572,575,692,717,571,437,664,353
5,751520,497,591,613,572,575,691,717,570,439,666,354
5,752524,498,592,614,572,576,692,717,572,441,666,357
5,753527,496,588,605,565,574,694,722,573,430,665,345
5,754531,450,511,565,542,594,719,767,601,432,679,397
5,755534,462,534,577,550,589,713,761,590,444,666,341
5,756538,465,553,584,551,587,707,749,587,446,662,331
5,757541,505,560,585,538,595,715,758,599,464,680,392
5,758545,499,543,599,561,614,727,771,603,485,687,395
5,759548,479,651,673,645,642,755,775,508,535,689,502
5,760552,543,707,709,676,702,771,804,533,634,746,576
5,761555,493,729,718,654,684,757,818,690,601,766,604
5,762559,658,836,795,606,108,651,644,726,535,765,680
6,763563,546,764,738,654,559,768,746,684,620,791,630
6,764566,557,815,781,672,579,747,757,645,616,798,668
6,765570,529,692,738,674,575,740,759,535,604,749,594
6,766573,577,724,735,665,637,769,806,586,594,760,632
6,767577,610,733,683,584,511,727,760,628,413,775,731
6,768580,389,798,757,527,41,686,709,695,305,814,743
6,769584,125,753,755,594,465,782,778,661,497,845,746
6,770587,275,749,753,567,419,770,752,559,419,814,721
6,771591,327,746,755,575,477,771,756,576,420,813,723
6,772594,323,748,758,579,492,774,763,586,430,816,725
6,773598,329,754,762,582,472,774,772,598,438,819,730
6,774601,361,754,759,583,486,775,759,561,442,818,726
6,775605,347,756,762,589,506,777,762,570,457,821,730
6,776608,365,759,766,592,500,776,763,577,456,822,733
6,777612,358,765,769,588,472,759,753,564,432,821,736
6,778615,349,772,778,589,386,741,727,529,427,811,731
6,779619,350,767,774,586,404,747,732,532,426,809,728
6,780622,367,769,776,590,403,748,729,538,432,810,729
6,781626,372,769,776,591,400,748,733,541,431,810,730
6,782629,370,783,791,610,434,760,742,554,470,824,739
6,783633,158,750,773,622,549,787,793,615,512,829,726
6,784636,180,764,784,632,550,786,786,599,526,834,736
6,785640,242,759,778,625,538,788,786,594,516,831,732
6,786643,261,762,780,626,540,787,785,596,516,832,734
6,787647,288,765,783,624,516,783,781,592,505,831,734
6,788651,308,758,774,614,519,785,781,592,485,827,730
6,789654,308,759,776,617,528,786,783,594,495,829,732
6,790658,262,755,776,617,535,786,785,597,499,829,732
6,791661,272,753,775,621,551,788,790,602,508,829,730
6,792665,258,745,771,621,557,790,793,606,513,827,727
6,793668,264,746,773,621,557,791,795,612,505,827,727
6,794672,187,735,767,617,577,791,802,628,510,824,722
6,795674,236,737,767,617,575,791,801,622,510,823,722
6,796678,246,740,770,617,574,790,799,623,509,823,720
6,797681,252,739,767,616,576,791,801,625,498,822,717
6,798685,266,739,767,616,573,791,797,617,502,822,719
6,799688,257,738,765,613,572,792,798,618,501,821,716
6,800692,253,738,766,613,575,792,799,619,506,821,717
6,801695,267,739,767,613,573,791,798,621,501,821,715
6,802699,259,738,767,611,576,792,799,620,503,820,717
6,803702,254,738,767,612,573,792,799,619,502,820,718
6,804706,261,739,767,613,574,792,798,620,498,820,716
6,805709,264,738,767,612,570,792,799,617,503,821,718
6,806713,255,738,767,614,573,793,799,619,505,821,719
6,807716,3,610,653,572,569,791,863,658,473,799,694
6,808720,0,666,676,536,231,776,797,747,390,834,721
6,809723,152,698,690,514,297,792,787,623,374,815,690
6,810727,239,713,714,536,321,787,765,620,371,821,698
6,811730,223,710,717,527,339,789,775,632,364,820,700
6,812734,222,712,721,532,347,789,777,635,370,821,700
6,813737,226,712,721,532,345,790,779,637,371,822,702
6,814741,232,714,721,535,353,791,780,638,377,822,702
6,815745,235,715,722,537,362,792,782,639,379,822,704
6,816748,237,715,723,537,359,790,784,639,382,822,703
6,817752,238,715,724,537,359,792,786,640,382,821,705
6,818755,240,716,724,539,365,792,786,641,385,822,707
6,819759,245,716,724,539,365,792,786,642,380,822,706
6,820762,243,717,726,539,361,792,786,643,380,822,706
6,821766,247,717,726,540,366,792,786,644,383,822,707
6,822769,252,718,727,542,363,792,786,644,382,822,708
6,823773,251,718,727,540,367,792,786,644,381,822,707
6,824776,249,718,727,540,368,792,786,644,385,822,707
6,825780,258,719,729,542,362,792,787,645,383,823,708
6,826783,256,719,729,540,377,792,788,645,382,822,707
6,827787,253,719,729,540,380,792,788,645,385,823,707
6,828790,258,720,729,544,379,792,788,645,388,824,708
6,829794,257,719,729,543,381,792,787,643,384,823,708
6,830797,258,720,729,543,386,792,788,644,387,823,707
6,831801,263,720,730,544,392,792,789,644,389,824,708
6,832804,262,720,730,544,391,792,789,644,391,824,708
6,833808,258,720,730,542,392,792,789,643,386,823,708
6,834811,258,720,730,544,394,793,789,643,388,824,708
6,835815,263,720,731,546,390,793,789,644,390,823,708
6,836818,262,720,731,545,390,792,789,643,388,824,708
6,837822,265,720,731,543,389,793,790,643,387,823,707
6,838825,266,720,731,545,390,792,788,644,389,823,707
6,839829,269,720,732,546,392,793,790,643,391,824,706
6,840833,125,720,734,564,378,800,796,651,426,827,711
6,841836,0,675,730,604,451,809,822,686,494,833,715
6,842840,145,712,735,576,354,803,797,645,405,825,694
6,843843,170,712,732,566,369,803,798,645,400,825,693
6,844846,188,713,733,567,388,803,798,647,402,825,695
6,845849,195,714,735,568,388,803,798,649,403,825,695
6,846853,193,715,735,569,400,803,798,649,402,825,696
6,847856,191,714,734,569,397,803,799,651,406,824,697
6,848860,202,715,734,568,404,803,799,650,408,825,697
6,849863,205,715,735,565,398,803,799,651,399,825,695
6,850867,201,716,736,568,404,803,799,652,406,825,697
6,851870,199,716,735,568,410,804,799,652,411,825,697
6,852874,200,717,736,569,407,804,799,653,409,826,697
6,853877,196,718,737,569,409,803,799,653,409,825,697
6,854881,194,719,736,568,408,803,799,653,411,825,697
6,855884,195,720,735,568,410,803,799,653,412,825,697
6,856888,202,720,736,568,413,803,799,655,411,825,697
6,857891,201,720,735,567,410,803,800,654,413,825,698
6,858895,200,720,735,567,414,803,799,654,414,825,697
6,859898,206,721,736,568,416,803,799,656,412,826,698
6,860902,203,720,736,567,414,803,799,655,415,826,698
6,861905,205,721,735,568,417,804,799,655,417,826,698
6,862909,211,721,737,569,414,803,799,655,414,826,699
6,863912,209,721,737,568,418,803,799,655,417,826,699
6,864916,209,721,735,568,422,803,799,655,417,826,699
6,865920,214,722,737,570,417,803,800,656,416,825,699
6,866923,214,722,737,568,419,803,800,656,416,825,699
6,867927,216,721,736,568,417,803,800,655,415,826,698
6,868930,210,722,736,568,417,803,800,655,416,826,698
6,869934,221,722,737,568,418,803,799,655,415,825,697
6,870937,211,721,736,568,420,803,800,655,415,825,698
6,871941,210,721,735,567,421,803,800,655,416,825,698
6,872944,215,722,736,569,416,803,800,655,413,826,699
6,873948,209,722,737,569,424,803,800,656,418,825,698
6,874951,213,722,736,569,424,803,800,656,419,826,698
6,875955,212,722,737,570,421,802,800,656,417,826,699
6,876958,205,722,737,569,426,803,800,656,420,826,698
6,877962,212,722,736,570,423,803,800,656,419,826,698
6,878965,215,722,737,571,423,803,800,657,420,826,698
6,879969,214,722,737,571,425,802,800,657,416,826,698
6,880972,212,722,735,570,426,803,800,656,417,825,698
6,881976,218,722,736,570,424,803,800,656,419,826,698
6,882979,168,719,731,570,413,805,800,656,412,827,699
6,883983,178,714,727,571,413,808,804,658,418,827,699
6,884986,192,717,731,577,407,809,802,657,429,827,700
6,885990,207,722,737,584,421,808,800,655,438,828,703
6,886993,166,726,724,541,357,801,798,704,394,830,716
6,887997,584,770,762,598,138,614,679,608,415,762,708
6,889000,526,719,649,486,62,625,767,489,220,791,598
6,890004,495,649,703,571,144,727,815,563,406,831,721
7,891008,446,644,694,561,97,713,820,594,373,832,716
7,892011,447,652,711,583,140,728,821,589,411,837,721
7,893015,462,652,708,580,171,717,816,589,409,824,722
7,894018,458,647,699,571,179,713,814,594,395,813,720
7,895022,616,688,723,584,194,711,820,604,413,825,745
7,896025,422,648,687,569,140,711,820,596,382,818,713
7,897029,423,650,689,570,158,714,821,595,393,818,716
7,898032,424,650,692,574,168,715,821,596,395,819,717
7,899036,427,651,691,574,162,715,820,597,397,819,718
7,900039,426,652,690,576,163,714,822,598,396,819,720
7,901043,428,652,691,576,162,713,822,599,400,819,721
7,902046,435,652,692,578,156,713,823,601,400,819,721
7,903050,433,652,693,574,161,712,823,602,400,820,722
7,904053,431,651,693,572,158,714,823,602,399,820,722
7,905056,436,652,688,574,163,714,823,602,402,820,722
7,906059,439,653,690,576,166,715,823,605,403,821,724
7,907063,436,653,689,573,175,716,823,604,403,821,724
7,908066,435,653,689,573,178,717,824,606,404,821,724
7,909070,440,655,693,574,172,716,823,606,399,820,725
7,910073,438,654,692,574,175,716,823,605,404,820,724
7,911077,436,654,692,574,180,716,824,606,403,821,724
7,912080,439,655,693,575,176,716,824,608,404,821,724
7,913084,442,656,694,575,175,715,824,608,404,821,724
7,914087,436,654,694,573,171,716,824,607,404,821,724
7,915091,439,655,693,575,173,716,824,608,404,821,725
7,916094,443,656,696,576,178,716,824,608,403,821,725
7,917098,437,655,695,573,174,716,824,607,402,821,724
7,918102,436,655,694,574,180,717,825,607,403,821,725
7,919105,442,657,696,575,178,716,825,609,403,821,726
7,920109,438,657,696,574,184,716,825,607,406,821,725
7,921112,438,656,696,574,177,717,825,609,405,821,726
7,922116,442,657,698,575,179,716,825,610,405,821,725
7,923119,440,657,697,574,181,717,824,608,409,822,725
7,924123,439,656,696,574,184,717,824,611,408,822,725
7,925126,443,658,697,574,188,717,825,613,409,822,726
7,926130,444,658,698,575,184,717,824,612,409,822,726
7,927133,439,658,697,575,184,717,825,611,413,822,726
7,928137,439,657,697,575,181,717,825,611,411,822,726
7,929140,445,659,700,575,184,716,824,612,407,822,725
7,930144,438,657,698,572,184,716,824,609,407,822,724
7,931147,440,658,698,573,188,716,825,612,407,822,724
7,932151,445,658,700,574,185,716,825,614,411,822,724
7,933154,442,658,699,574,179,716,825,613,409,822,723
7,934158,440,656,699,574,187,716,824,615,410,822,724
7,935161,441,657,700,575,184,716,824,616,411,822,725
7,936165,445,658,702,576,190,716,825,616,409,820,724
7,937168,440,658,700,575,185,717,825,614,406,821,724
7,938172,439,658,701,575,189,717,825,615,405,822,725
7,939175,445,659,703,575,182,716,824,614,405,822,723
7,940179,439,658,702,573,187,717,824,616,407,822,723
7,941182,439,658,701,574,194,718,824,617,407,822,724
7,942186,444,659,703,575,187,716,823,618,406,822,724
7,943190,441,658,701,574,185,718,824,618,408,822,723
7,944193,439,658,701,575,194,718,824,618,407,822,722
7,945197,443,659,704,576,188,717,824,619,406,822,723
7,946200,443,658,704,575,181,717,824,618,407,822,723
7,947204,438,657,703,572,190,718,825,618,407,822,722
7,948207,441,658,703,573,183,718,825,618,406,822,723
7,949211,445,659,704,575,176,716,824,618,408,822,722
7,950214,439,659,703,573,184,717,824,617,405,822,722
7,951218,439,658,702,573,185,717,825,618,407,822,722
7,952221,442,658,703,575,189,717,824,620,408,822,723
7,953225,444,659,705,575,183,717,824,619,407,822,722
7,954228,439,657,702,574,186,717,824,617,406,822,721
7,955232,441,658,701,575,186,716,824,618,405,822,722
7,956235,446,659,703,575,189,717,824,618,406,822,722
7,957239,440,657,702,575,181,717,824,617,406,822,722
7,958242,440,656,702,574,190,717,825,618,404,822,722
7,959246,442,656,703,576,190,717,824,619,405,822,723
7,960249,445,658,703,576,193,717,824,619,402,822,723
7,961253,438,657,703,573,187,717,824,618,401,823,722
7,962256,439,658,703,573,188,717,824,619,402,822,722
7,963260,443,657,703,575,179,716,824,620,400,822,723
7,964263,444,657,703,576,184,717,824,620,401,822,723
7,965267,440,657,702,574,184,717,824,618,399,822,721
7,966270,439,656,703,574,183,717,824,618,399,822,721
7,967274,445,657,704,575,185,717,824,619,401,822,723
7,968278,439,656,703,574,183,717,825,619,401,822,722
7,969280,440,656,702,574,184,717,824,618,402,822,723
7,970284,444,657,705,575,181,716,825,620,401,821,724
7,971287,443,656,704,574,181,716,825,618,402,821,722
7,972291,440,656,703,573,182,717,824,617,404,822,722
7,973294,440,655,703,574,179,716,824,618,402,821,722
7,974298,446,657,706,574,185,716,825,619,402,821,723
7,975301,440,656,704,573,184,717,825,617,405,822,721
7,976305,440,655,703,572,189,717,825,618,406,822,722
7,977308,445,656,706,574,176,716,825,619,408,822,723
7,978312,440,656,704,572,182,716,824,618,408,822,721
7,979315,440,654,703,572,178,717,825,618,405,822,721
7,980319,439,654,703,572,177,717,825,618,406,822,721
7,981322,443,654,705,575,181,717,825,619,405,821,722
7,982326,439,654,703,572,181,717,824,616,405,822,721
7,983329,441,654,704,573,183,717,825,618,406,822,722
7,984333,446,655,705,575,174,717,825,618,404,822,722
7,985336,441,654,703,574,182,717,825,617,405,822,721
7,986340,441,653,703,573,187,718,825,618,405,822,720
7,987343,446,655,705,574,176,717,825,619,407,822,722
7,988347,442,654,703,572,183,718,825,618,406,822,721
7,989350,441,653,703,573,188,717,825,618,405,822,721
7,990354,447,655,706,574,165,717,825,619,404,822,722
7,991357,441,654,704,572,185,718,825,618,404,822,720
7,992361,442,653,703,573,189,718,825,618,400,822,721
7,993364,446,654,706,576,172,718,825,619,404,822,723
7,994368,441,654,705,575,193,719,825,617,404,823,721
7,995372,441,653,704,575,192,719,825,617,406,823,721
7,996375,442,653,704,575,196,719,825,617,405,823,721
7,997379,444,654,707,580,176,720,822,613,411,824,719
7,998382,457,668,713,595,185,731,824,606,445,836,727
7,999386,434,655,707,589,152,725,824,608,411,832,725
7,1000389,434,655,707,588,165,724,824,611,418,831,722
